function=PadFxCombination,value=1
function=PadFxCombination,value=2
function=PadFxCombination,value=3
function=PadFxCombination,value=4
function=PadFxCombination,value=5
function=PadFxCombination,value=6
function=PadFxCombination,value=7
function=PadFxCombination,value=8
function=PadFxCombination,value=9
function=PadFxCombination,value=10
function=PadFxCombination,value=11
function=PadFxCombination,value=12
function=PadFxCombination,value=13
function=PadFxCombination,value=14
function=PadFxCombination,value=15
function=PadFxCombination,value=16
